{"cameraMode":{"drawMode":0,"name":"Shaded","section":"Shading Mode"},"sceneLighting":false,"audioPlay":false,"sceneViewState":{"showFog":true,"showMaterialUpdate":false,"showSkybox":false,"showFlares":true,"showImageEffects":true,"showParticleSystems":true},"in2DMode":false,"pivot":{"x":0.0,"y":0.9599999785423279,"z":2.740000009536743},"rotation":{"x":-0.04478556290268898,"y":0.9535406827926636,"z":-0.17973832786083222,"w":-0.23759542405605317},"size":2.118194341659546,"orthographic":false}