{"cameraMode":{"drawMode":0,"name":"Shaded","section":"Shading Mode"},"sceneLighting":true,"audioPlay":false,"sceneViewState":{"showFog":true,"showMaterialUpdate":false,"showSkybox":true,"showFlares":true,"showImageEffects":true,"showParticleSystems":true},"in2DMode":false,"pivot":{"x":0.0,"y":0.9599999785423279,"z":2.740000009536743},"rotation":{"x":0.019459249451756479,"y":-0.9419589638710022,"z":0.330558180809021,"w":0.0554475262761116},"size":2.118194341659546,"orthographic":true}